time,open,high,low,close,Buy Signal,Sell Signal,SMA,Buy Signal,Sell Signal,SMA,Buy Signal,Sell Signal,SMA,Buy Signal,Sell Signal,SMA
1724986680,0.0000077069,0.0000077142,0.0000077069,0.0000077104,0,0,0.000007682306000000011,0,0,0.000007682306000000011,0,0,0.000007682306000000011,0,0,0.000007682306000000011
1724986740,0.0000077104,0.0000077113,0.0000077049,0.0000077062,0,0,0.000007683266000000012,0,0,0.000007683266000000012,0,0,0.000007683266000000012,0,0,0.000007683266000000012

1724986860,0.0000076859,0.0000076946,0.000007684,0.0000076898,0,0,0.000007684610000000012,0,0,0.000007684610000000012,0,0,0.000007684610000000012,0,0,0.000007684610000000012
1724986920,0.0000076898,0.0000076938,0.0000076817,0.0000076817,0,0,0.00000768505800000001,0,0,0.00000768505800000001,0,0,0.00000768505800000001,0,0,0.00000768505800000001
1724986980,0.0000076817,0.0000076817,0.0000076686,0.0000076709,0,0,0.000007685450000000011,0,0,0.000007685450000000011,0,0,0.000007685450000000011,0,0,0.000007685450000000011
1724987040,0.0000076709,0.0000076813,0.0000076647,0.0000076809,1,0,0.000007685818000000011,0,0,0.000007685818000000011,0,0,0.000007685818000000011,0,0,0.000007685818000000011
1724987100,0.0000076809,0.0000076809,0.0000076656,0.0000076681,0,0,0.000007685840000000011,0,0,0.000007685840000000011,0,0,0.000007685840000000011,0,0,0.000007685840000000011
1724987160,0.0000076681,0.0000076757,0.0000076581,0.0000076703,0,0,0.000007685812000000012,0,0,0.000007685812000000012,0,0,0.000007685812000000012,0,0,0.000007685812000000012
1724987220,0.0000076703,0.0000076728,0.0000076693,0.0000076719,0,0,0.000007686026000000012,0,0,0.000007686026000000012,0,0,0.000007686026000000012,0,0,0.000007686026000000012
1724987280,0.0000076719,0.0000076825,0.0000076718,0.0000076718,0,0,0.000007686236000000011,0,0,0.000007686236000000011,0,0,0.000007686236000000011,0,0,0.000007686236000000011
1724987340,0.0000076718,0.0000076779,0.0000076675,0.0000076677,0,0,0.000007686490000000011,0,0,0.000007686490000000011,0,0,0.000007686490000000011,0,0,0.000007686490000000011
1724987400,0.0000076677,0.0000076717,0.0000076601,0.0000076631,0,0,0.000007686586000000012,0,0,0.000007686586000000012,0,0,0.000007686586000000012,0,0,0.000007686586000000012
1724987460,0.0000076631,0.0000076641,0.0000076543,0.0000076543,0,0,0.000007686686000000012,0,0,0.000007686686000000012,0,0,0.000007686686000000012,0,0,0.000007686686000000012
1724987520,0.0000076543,0.0000076698,0.0000076543,0.0000076617,0,0,0.00000768672200000001,0,0,0.00000768672200000001,0,0,0.00000768672200000001,0,0,0.00000768672200000001
1724987580,0.0000076617,0.0000076721,0.000007656,0.0000076681,0,0,0.000007686862000000012,0,0,0.000007686862000000012,0,0,0.000007686862000000012,0,0,0.000007686862000000012
1724987640,0.0000076681,0.0000076684,0.0000076555,0.0000076634,0,0,0.000007686738000000011,0,0,0.000007686738000000011,0,0,0.000007686738000000011,0,0,0.000007686738000000011
1724987700,0.0000076634,0.0000076758,0.0000076634,0.0000076758,0,0,0.00000768681400000001,0,0,0.00000768681400000001,0,0,0.00000768681400000001,0,0,0.00000768681400000001
1724987760,0.0000076758,0.0000076864,0.0000076729,0.0000076823,0,0,0.000007686886000000011,0,0,0.000007686886000000011,0,0,0.000007686886000000011,0,0,0.000007686886000000011
1724987820,0.0000076823,0.0000076857,0.000007679,0.000007679,0,0,0.000007687038000000012,0,0,0.000007687038000000012,0,0,0.000007687038000000012,0,0,0.000007687038000000012
1724987880,0.000007679,0.0000076791,0.0000076705,0.0000076705,0,0,0.000007686648000000012,0,0,0.000007686648000000012,0,0,0.000007686648000000012,0,0,0.000007686648000000012
1724987940,0.0000076705,0.0000076737,0.0000076645,0.0000076645,0,0,0.000007686336000000012,0,0,0.000007686336000000012,0,0,0.000007686336000000012,0,0,0.000007686336000000012
1724988000,0.0000076645,0.0000076832,0.0000076645,0.0000076815,0,0,0.000007686430000000012,0,0,0.000007686430000000012,0,0,0.000007686430000000012,0,0,0.000007686430000000012
1724988060,0.0000076815,0.0000076921,0.000007678,0.0000076793,0,0,0.000007686420000000013,0,0,0.000007686420000000013,0,0,0.000007686420000000013,0,0,0.000007686420000000013
1724988120,0.0000076793,0.0000076793,0.0000076723,0.0000076757,0,0,0.000007685858000000012,0,0,0.000007685858000000012,0,0,0.000007685858000000012,0,0,0.000007685858000000012
1724988180,0.0000076757,0.0000076768,0.0000076653,0.0000076653,0,0,0.000007684836000000012,0,0,0.000007684836000000012,0,0,0.000007684836000000012,0,0,0.000007684836000000012
1724988240,0.0000076653,0.0000076717,0.0000076636,0.0000076636,0,0,0.00000768403000000001,0,0,0.00000768403000000001,0,0,0.00000768403000000001,0,0,0.00000768403000000001
1724988300,0.0000076636,0.0000076753,0.0000076636,0.0000076753,0,0,0.00000768329200000001,0,0,0.00000768329200000001,0,0,0.00000768329200000001,0,0,0.00000768329200000001
1724988360,0.0000076753,0.0000076753,0.000007664,0.0000076697,0,0,0.000007682734000000012,0,0,0.000007682734000000012,0,0,0.000007682734000000012,0,0,0.000007682734000000012
1724988420,0.0000076697,0.0000076775,0.0000076661,0.0000076741,0,0,0.000007681988000000011,0,0,0.000007681988000000011,0,0,0.000007681988000000011,0,0,0.000007681988000000011
1724988480,0.0000076741,0.0000076779,0.0000076727,0.0000076771,0,0,0.00000768127200000001,0,0,0.00000768127200000001,0,0,0.00000768127200000001,0,0,0.00000768127200000001
1724988540,0.0000076771,0.0000076799,0.0000076745,0.0000076745,0,0,0.00000768068000000001,0,0,0.00000768068000000001,0,0,0.00000768068000000001,0,0,0.00000768068000000001
1724988600,0.0000076745,0.0000076753,0.0000076656,0.000007672,0,0,0.00000768014600000001,0,0,0.00000768014600000001,0,0,0.00000768014600000001,0,0,0.00000768014600000001
1724988660,0.000007672,0.000007672,0.0000076654,0.0000076654,0,0,0.00000767944200000001,0,0,0.00000767944200000001,0,0,0.00000767944200000001,0,0,0.00000767944200000001
1724988720,0.0000076654,0.0000076706,0.0000076615,0.0000076706,0,0,0.00000767889200000001,0,0,0.00000767889200000001,0,0,0.00000767889200000001,0,0,0.00000767889200000001
1724988780,0.0000076706,0.0000076772,0.0000076706,0.0000076732,0,0,0.000007678348000000009,0,0,0.000007678348000000009,0,0,0.000007678348000000009,0,0,0.000007678348000000009
1724988840,0.0000076732,0.0000076756,0.0000076631,0.0000076666,0,0,0.000007677660000000008,0,0,0.000007677660000000008,0,0,0.000007677660000000008,0,0,0.000007677660000000008
1724988900,0.0000076666,0.0000076708,0.0000076655,0.0000076708,0,0,0.00000767734200000001,0,0,0.00000767734200000001,0,0,0.00000767734200000001,0,0,0.00000767734200000001
1724988960,0.0000076708,0.0000076769,0.0000076708,0.0000076743,0,0,0.00000767699800000001,0,0,0.00000767699800000001,0,0,0.00000767699800000001,0,0,0.00000767699800000001
1724989020,0.0000076743,0.0000076777,0.0000076694,0.0000076757,0,0,0.000007676926000000009,0,0,0.000007676926000000009,0,0,0.000007676926000000009,0,0,0.000007676926000000009
1724989080,0.0000076757,0.0000076757,0.0000076682,0.0000076738,0,0,0.00000767699000000001,0,0,0.00000767699000000001,0,0,0.00000767699000000001,0,0,0.00000767699000000001
1724989140,0.0000076738,0.0000076738,0.0000076652,0.0000076652,0,0,0.000007676756000000009,0,0,0.000007676756000000009,0,0,0.000007676756000000009,0,0,0.000007676756000000009
1724989200,0.0000076652,0.0000076751,0.0000076647,0.0000076694,0,0,0.00000767647000000001,0,0,0.00000767647000000001,0,0,0.00000767647000000001,0,0,0.00000767647000000001
1724989260,0.0000076694,0.0000076694,0.000007662,0.0000076646,0,0,0.00000767609600000001,0,0,0.00000767609600000001,0,0,0.00000767609600000001,0,0,0.00000767609600000001
1724989320,0.0000076646,0.0000076743,0.00000766,0.0000076714,1,0,0.00000767595600000001,1,0,0.00000767595600000001,1,0,0.00000767595600000001,1,0,0.00000767595600000001
1724989380,0.0000076714,0.0000076771,0.0000076706,0.0000076724,0,0,0.000007675738000000009,0,0,0.000007675738000000009,0,0,0.000007675738000000009,0,0,0.000007675738000000009
1724989440,0.0000076724,0.000007674,0.000007669,0.000007674,0,0,0.00000767524600000001,0,0,0.00000767524600000001,0,0,0.00000767524600000001,0,0,0.00000767524600000001
1724989500,0.000007674,0.0000076899,0.0000076732,0.0000076882,0,0,0.00000767491000000001,0,0,0.00000767491000000001,0,0,0.00000767491000000001,0,0,0.00000767491000000001
1724989560,0.0000076882,0.0000076915,0.0000076859,0.0000076859,0,0,0.000007674696000000009,0,0,0.000007674696000000009,0,0,0.000007674696000000009,0,0,0.000007674696000000009
1724989620,0.0000076859,0.0000076918,0.0000076836,0.0000076899,0,0,0.00000767435600000001,0,0,0.00000767435600000001,0,0,0.00000767435600000001,0,0,0.00000767435600000001
1724989680,0.0000076899,0.0000076914,0.0000076848,0.0000076901,0,0,0.00000767395000000001,0,0,0.00000767395000000001,0,0,0.00000767395000000001,0,0,0.00000767395000000001
1724989740,0.0000076901,0.0000076967,0.0000076861,0.0000076957,0,0,0.000007673740000000009,0,0,0.000007673740000000009,0,0,0.000007673740000000009,0,0,0.000007673740000000009
1724989800,0.0000076957,0.0000076957,0.0000076868,0.0000076868,0,0,0.000007673758000000008,0,0,0.000007673758000000008,0,0,0.000007673758000000008,0,0,0.000007673758000000008
1724989860,0.0000076868,0.0000076892,0.0000076776,0.0000076884,0,0,0.00000767373000000001,0,0,0.00000767373000000001,0,0,0.00000767373000000001,0,0,0.00000767373000000001
1724989920,0.0000076884,0.0000076925,0.0000076877,0.0000076893,0,0,0.00000767388200000001,0,0,0.00000767388200000001,0,0,0.00000767388200000001,0,0,0.00000767388200000001
1724989980,0.0000076893,0.0000076894,0.0000076812,0.0000076861,0,0,0.00000767418600000001,0,0,0.00000767418600000001,0,0,0.00000767418600000001,0,0,0.00000767418600000001
1724990040,0.0000076861,0.0000076873,0.0000076822,0.0000076872,0,0,0.00000767431200000001,0,0,0.00000767431200000001,0,0,0.00000767431200000001,0,0,0.00000767431200000001
1724990100,0.0000076872,0.0000076899,0.0000076861,0.0000076861,0,0,0.00000767467200000001,0,0,0.00000767467200000001,0,0,0.00000767467200000001,0,0,0.00000767467200000001
1724990160,0.0000076861,0.0000076864,0.0000076809,0.0000076809,0,0,0.00000767488400000001,0,0,0.00000767488400000001,0,0,0.00000767488400000001,0,0,0.00000767488400000001
1724990220,0.0000076809,0.0000076809,0.0000076764,0.0000076764,0,0,0.000007674974000000011,0,0,0.000007674974000000011,0,0,0.000007674974000000011,0,0,0.000007674974000000011
1724990280,0.0000076764,0.000007682,0.0000076764,0.000007682,0,0,0.000007675178000000009,0,0,0.000007675178000000009,0,0,0.000007675178000000009,0,0,0.000007675178000000009
1724990340,0.000007682,0.000007682,0.0000076712,0.0000076735,0,0,0.00000767529400000001,0,0,0.00000767529400000001,0,0,0.00000767529400000001,0,0,0.00000767529400000001
1724990400,0.0000076735,0.0000076788,0.0000076656,0.0000076788,0,0,0.00000767560800000001,0,0,0.00000767560800000001,0,0,0.00000767560800000001,0,0,0.00000767560800000001
1724990460,0.0000076788,0.0000076818,0.0000076751,0.0000076782,0,0,0.00000767608600000001,0,0,0.00000767608600000001,0,0,0.00000767608600000001,0,0,0.00000767608600000001
1724990520,0.0000076782,0.0000076842,0.0000076759,0.0000076842,0,0,0.000007676536000000009,0,0,0.000007676536000000009,0,0,0.000007676536000000009,0,0,0.000007676536000000009
1724990580,0.0000076842,0.0000076983,0.0000076842,0.0000076968,0,0,0.000007677110000000009,0,0,0.000007677110000000009,0,0,0.000007677110000000009,0,0,0.000007677110000000009
1724990640,0.0000076968,0.0000077002,0.0000076904,0.0000076909,0,0,0.000007677660000000008,0,0,0.000007677660000000008,0,0,0.000007677660000000008,0,0,0.000007677660000000008
1724990700,0.0000076909,0.0000076945,0.0000076887,0.0000076901,0,0,0.000007677946000000009,0,0,0.000007677946000000009,0,0,0.000007677946000000009,0,0,0.000007677946000000009
1724990760,0.0000076901,0.0000076914,0.0000076854,0.0000076914,0,0,0.00000767812800000001,0,0,0.00000767812800000001,0,0,0.00000767812800000001,0,0,0.00000767812800000001
1724990820,0.0000076914,0.0000076914,0.0000076808,0.0000076893,0,0,0.00000767833400000001,0,0,0.00000767833400000001,0,0,0.00000767833400000001,0,0,0.00000767833400000001
1724990880,0.0000076893,0.000007691,0.0000076881,0.000007691,0,0,0.00000767874400000001,0,0,0.00000767874400000001,0,0,0.00000767874400000001,0,0,0.00000767874400000001
1724990940,0.000007691,0.000007691,0.0000076837,0.0000076864,0,0,0.00000767918200000001,0,0,0.00000767918200000001,0,0,0.00000767918200000001,0,0,0.00000767918200000001
1724991000,0.0000076864,0.0000076864,0.0000076759,0.0000076779,0,0,0.00000767911000000001,0,0,0.00000767911000000001,0,0,0.00000767911000000001,0,0,0.00000767911000000001
1724991060,0.0000076779,0.0000076911,0.0000076779,0.0000076911,0,0,0.00000767934600000001,0,0,0.00000767934600000001,0,0,0.00000767934600000001,0,0,0.00000767934600000001
1724991120,0.0000076911,0.0000076957,0.0000076911,0.0000076926,0,0,0.00000767968400000001,0,0,0.00000767968400000001,0,0,0.00000767968400000001,0,0,0.00000767968400000001
1724991180,0.0000076926,0.0000077017,0.0000076926,0.0000077017,0,0,0.00000768041200000001,0,0,0.00000768041200000001,0,0,0.00000768041200000001,0,0,0.00000768041200000001
1724991240,0.0000077017,0.0000077048,0.0000076987,0.0000076992,0,0,0.000007681124000000011,0,0,0.000007681124000000011,0,0,0.000007681124000000011,0,0,0.000007681124000000011
1724991300,0.0000076992,0.0000077053,0.0000076992,0.0000077041,0,0,0.000007681700000000012,0,0,0.000007681700000000012,0,0,0.000007681700000000012,0,0,0.000007681700000000012
1724991360,0.0000077041,0.000007709,0.0000076999,0.000007709,0,0,0.000007682486000000012,0,0,0.000007682486000000012,0,0,0.000007682486000000012,0,0,0.000007682486000000012
1724991420,0.000007709,0.0000077195,0.0000077054,0.0000077173,0,0,0.00000768335000000001,0,0,0.00000768335000000001,0,0,0.00000768335000000001,0,0,0.00000768335000000001
1724991480,0.0000077173,0.0000077226,0.0000077141,0.0000077141,0,0,0.000007684090000000011,0,0,0.000007684090000000011,0,0,0.000007684090000000011,0,0,0.000007684090000000011
1724991540,0.0000077141,0.0000077217,0.0000077141,0.0000077206,0,0,0.000007685012000000011,0,0,0.000007685012000000011,0,0,0.000007685012000000011,0,0,0.000007685012000000011
1724991600,0.0000077206,0.000007724,0.0000077114,0.0000077213,0,0,0.000007685998000000012,0,0,0.000007685998000000012,0,0,0.000007685998000000012,0,0,0.000007685998000000012
1724991660,0.0000077213,0.0000077225,0.0000077169,0.0000077206,0,0,0.000007687102000000012,0,0,0.000007687102000000012,0,0,0.000007687102000000012,0,0,0.000007687102000000012
1724991720,0.0000077206,0.0000077209,0.0000077172,0.0000077174,0,0,0.000007688038000000012,0,0,0.000007688038000000012,0,0,0.000007688038000000012,0,0,0.000007688038000000012
1724991780,0.0000077174,0.00000772,0.000007712,0.0000077127,0,0,0.000007688828000000012,0,0,0.000007688828000000012,0,0,0.000007688828000000012,0,0,0.000007688828000000012
1724991840,0.0000077127,0.0000077183,0.0000077115,0.0000077116,0,0,0.000007689728000000012,0,0,0.000007689728000000012,0,0,0.000007689728000000012,0,0,0.000007689728000000012
1724991900,0.0000077116,0.0000077126,0.0000076974,0.0000076974,0,0,0.00000769026000000001,0,0,0.00000769026000000001,0,0,0.00000769026000000001,0,0,0.00000769026000000001
1724991960,0.0000076974,0.0000076997,0.0000076974,0.0000076988,0,0,0.000007690750000000011,0,0,0.000007690750000000011,0,0,0.000007690750000000011,0,0,0.000007690750000000011
1724992020,0.0000076988,0.0000077009,0.0000076953,0.0000076958,0,0,0.000007691152000000012,0,0,0.000007691152000000012,0,0,0.000007691152000000012,0,0,0.000007691152000000012
1724992080,0.0000076958,0.0000077,0.0000076917,0.0000076964,0,0,0.00000769160400000001,0,0,0.00000769160400000001,0,0,0.00000769160400000001,0,0,0.00000769160400000001
1724992140,0.0000076964,0.0000076981,0.0000076892,0.0000076892,0,0,0.000007692084000000012,0,0,0.000007692084000000012,0,0,0.000007692084000000012,0,0,0.000007692084000000012
1724992200,0.0000076892,0.0000076934,0.0000076867,0.0000076894,0,0,0.000007692484000000011,0,0,0.000007692484000000011,0,0,0.000007692484000000011,0,0,0.000007692484000000011
1724992260,0.0000076894,0.00000769,0.0000076853,0.0000076898,0,0,0.000007692988000000011,0,0,0.000007692988000000011,0,0,0.000007692988000000011,0,0,0.000007692988000000011
1724992320,0.0000076898,0.0000076958,0.0000076869,0.0000076958,0,0,0.000007693476000000011,0,0,0.000007693476000000011,0,0,0.000007693476000000011,0,0,0.000007693476000000011
1724992380,0.0000076958,0.0000077103,0.0000076903,0.0000077091,0,0,0.00000769421000000001,0,0,0.00000769421000000001,0,0,0.00000769421000000001,0,0,0.00000769421000000001
1724992440,0.0000077091,0.0000077227,0.0000077091,0.0000077227,0,0,0.00000769518400000001,0,0,0.00000769518400000001,0,0,0.00000769518400000001,0,0,0.00000769518400000001
1724992500,0.0000077227,0.0000077227,0.0000077077,0.0000077123,0,0,0.00000769566600000001,0,0,0.00000769566600000001,0,0,0.00000769566600000001,0,0,0.00000769566600000001
1724992560,0.0000077123,0.0000077169,0.0000077073,0.0000077169,0,0,0.000007696286000000011,0,0,0.000007696286000000011,0,0,0.000007696286000000011,0,0,0.000007696286000000011
1724992620,0.0000077169,0.0000077169,0.0000077071,0.0000077077,0,0,0.00000769664200000001,0,0,0.00000769664200000001,0,0,0.00000769664200000001,0,0,0.00000769664200000001
1724992680,0.0000077077,0.000007715,0.0000077077,0.000007715,0,0,0.000007697140000000009,0,0,0.000007697140000000009,0,0,0.000007697140000000009,0,0,0.000007697140000000009
1724992740,0.000007715,0.000007715,0.0000077097,0.0000077123,0,0,0.00000769747200000001,0,0,0.00000769747200000001,0,0,0.00000769747200000001,0,0,0.00000769747200000001
1724992800,0.0000077123,0.0000077148,0.0000077085,0.0000077134,0,0,0.000007698004000000011,0,0,0.000007698004000000011,0,0,0.000007698004000000011,0,0,0.000007698004000000011
1724992860,0.0000077134,0.0000077134,0.0000077035,0.0000077035,0,0,0.00000769830600000001,0,0,0.00000769830600000001,0,0,0.00000769830600000001,0,0,0.00000769830600000001
1724992920,0.0000077035,0.0000077035,0.000007695,0.0000077007,0,0,0.00000769853400000001,0,0,0.00000769853400000001,0,0,0.00000769853400000001,0,0,0.00000769853400000001
1724992980,0.0000077007,0.0000077016,0.0000076987,0.0000077005,0,0,0.000007698822000000012,0,0,0.000007698822000000012,0,0,0.000007698822000000012,0,0,0.000007698822000000012
1724993040,0.0000077005,0.0000077066,0.0000077005,0.0000077066,0,0,0.000007699210000000012,0,0,0.000007699210000000012,0,0,0.000007699210000000012,0,0,0.000007699210000000012
1724993100,0.0000077066,0.0000077086,0.0000076921,0.0000076948,0,0,0.000007699384000000013,0,0,0.000007699384000000013,0,0,0.000007699384000000013,0,0,0.000007699384000000013
1724993160,0.0000076948,0.0000076951,0.0000076904,0.0000076916,0,0,0.000007699598000000011,0,0,0.000007699598000000011,0,0,0.000007699598000000011,0,0,0.000007699598000000011
1724993220,0.0000076916,0.0000076934,0.0000076893,0.0000076918,0,0,0.000007699906000000012,0,0,0.000007699906000000012,0,0,0.000007699906000000012,0,0,0.000007699906000000012
1724993280,0.0000076918,0.0000076964,0.0000076918,0.0000076925,0,0,0.000007700116000000013,0,0,0.000007700116000000013,0,0,0.000007700116000000013,0,0,0.000007700116000000013
1724993340,0.0000076925,0.000007702,0.0000076925,0.0000077003,0,0,0.000007700652000000013,0,0,0.000007700652000000013,0,0,0.000007700652000000013,0,0,0.000007700652000000013
1724993400,0.0000077003,0.0000077043,0.0000076951,0.0000077043,0,0,0.000007701162000000011,0,0,0.000007701162000000011,0,0,0.000007701162000000011,0,0,0.000007701162000000011
1724993460,0.0000077043,0.0000077054,0.0000076985,0.0000077041,0,0,0.000007701680000000013,0,0,0.000007701680000000013,0,0,0.000007701680000000013,0,0,0.000007701680000000013
1724993520,0.0000077041,0.0000077058,0.0000077015,0.0000077015,0,0,0.000007702026000000013,0,0,0.000007702026000000013,0,0,0.000007702026000000013,0,0,0.000007702026000000013
1724993580,0.0000077015,0.000007702,0.000007701,0.000007702,0,0,0.000007702130000000014,0,0,0.000007702130000000014,0,0,0.000007702130000000014,0,0,0.000007702130000000014
1724993640,0.000007702,0.0000077034,0.000007701,0.0000077011,0,0,0.000007702334000000014,0,0,0.000007702334000000014,0,0,0.000007702334000000014,0,0,0.000007702334000000014
1724993700,0.0000077011,0.0000077033,0.0000076995,0.0000077033,0,0,0.000007702598000000015,0,0,0.000007702598000000015,0,0,0.000007702598000000015,0,0,0.000007702598000000015
1724993760,0.0000077033,0.0000077055,0.0000076995,0.0000076995,0,0,0.000007702760000000014,0,0,0.000007702760000000014,0,0,0.000007702760000000014,0,0,0.000007702760000000014
1724993820,0.0000076995,0.0000076995,0.0000076928,0.0000076943,0,0,0.000007702860000000013,0,0,0.000007702860000000013,0,0,0.000007702860000000013,0,0,0.000007702860000000013
1724993880,0.0000076943,0.0000076943,0.0000076893,0.0000076932,0,0,0.000007702904000000015,0,0,0.000007702904000000015,0,0,0.000007702904000000015,0,0,0.000007702904000000015
1724993940,0.0000076932,0.0000076932,0.0000076867,0.000007689,0,0,0.000007702956000000014,0,0,0.000007702956000000014,0,0,0.000007702956000000014,0,0,0.000007702956000000014
1724994000,0.000007689,0.0000076914,0.0000076814,0.0000076814,0,0,0.000007703026000000015,0,0,0.000007703026000000015,0,0,0.000007703026000000015,0,0,0.000007703026000000015
1724994060,0.0000076814,0.000007685,0.0000076787,0.0000076836,0,0,0.000007702876000000015,0,0,0.000007702876000000015,0,0,0.000007702876000000015,0,0,0.000007702876000000015
1724994120,0.0000076836,0.0000076836,0.0000076804,0.0000076834,0,0,0.000007702692000000015,0,0,0.000007702692000000015,0,0,0.000007702692000000015,0,0,0.000007702692000000015
1724994180,0.0000076834,0.0000076904,0.0000076811,0.0000076811,0,0,0.000007702280000000015,0,0,0.000007702280000000015,0,0,0.000007702280000000015,0,0,0.000007702280000000015
1724994240,0.0000076811,0.0000076827,0.0000076794,0.0000076826,0,0,0.000007701948000000015,0,0,0.000007701948000000015,0,0,0.000007701948000000015,0,0,0.000007701948000000015
1724994300,0.0000076826,0.0000076842,0.0000076676,0.0000076706,0,0,0.000007701278000000015,0,0,0.000007701278000000015,0,0,0.000007701278000000015,0,0,0.000007701278000000015
1724994360,0.0000076706,0.0000076738,0.0000076676,0.0000076722,0,0,0.000007700542000000014,0,0,0.000007700542000000014,0,0,0.000007700542000000014,0,0,0.000007700542000000014
1724994420,0.0000076722,0.0000076763,0.0000076705,0.0000076705,0,0,0.000007699606000000015,0,0,0.000007699606000000015,0,0,0.000007699606000000015,0,0,0.000007699606000000015
1724994480,0.0000076705,0.0000076784,0.00000767,0.00000767,0,0,0.000007698724000000014,0,0,0.000007698724000000014,0,0,0.000007698724000000014,0,0,0.000007698724000000014
1724994540,0.00000767,0.00000767,0.0000076571,0.000007658,0,0,0.000007697472000000014,0,0,0.000007697472000000014,0,0,0.000007697472000000014,0,0,0.000007697472000000014
1724994600,0.000007658,0.0000076607,0.000007658,0.0000076594,0,0,0.000007696234000000014,0,0,0.000007696234000000014,0,0,0.000007696234000000014,0,0,0.000007696234000000014
1724994660,0.0000076594,0.0000076594,0.0000076507,0.0000076529,0,0,0.000007694880000000014,0,0,0.000007694880000000014,0,0,0.000007694880000000014,0,0,0.000007694880000000014
1724994720,0.0000076529,0.0000076531,0.0000076459,0.0000076489,0,0,0.000007693510000000013,0,0,0.000007693510000000013,0,0,0.000007693510000000013,0,0,0.000007693510000000013
1724994780,0.0000076489,0.0000076496,0.0000076345,0.0000076387,0,0,0.000007692030000000012,0,0,0.000007692030000000012,0,0,0.000007692030000000012,0,0,0.000007692030000000012
1724994840,0.0000076387,0.000007645,0.0000076264,0.0000076415,0,0,0.000007690628000000012,0,0,0.000007690628000000012,0,0,0.000007690628000000012,0,0,0.000007690628000000012
1724994900,0.0000076415,0.0000076421,0.0000076345,0.000007637,0,0,0.000007689420000000011,0,0,0.000007689420000000011,0,0,0.000007689420000000011,0,0,0.000007689420000000011
1724994960,0.000007637,0.000007637,0.0000076075,0.0000076127,0,0,0.000007687698000000012,0,0,0.000007687698000000012,0,0,0.000007687698000000012,0,0,0.000007687698000000012
1724995020,0.0000076127,0.0000076312,0.0000076127,0.0000076312,0,0,0.000007686405999999998,0,0,0.000007686405999999998,0,0,0.000007686405999999998,0,0,0.000007686405999999998
1724995080,0.0000076312,0.0000076538,0.0000076312,0.0000076424,0,0,0.000007685325999999999,0,0,0.000007685325999999999,0,0,0.000007685325999999999,0,0,0.000007685325999999999
1724995140,0.0000076424,0.0000076424,0.0000076302,0.0000076373,0,0,0.000007684287999999997,0,0,0.000007684287999999997,0,0,0.000007684287999999997,0,0,0.000007684287999999997
1724995200,0.0000076373,0.0000076576,0.0000076372,0.0000076547,0,0,0.000007683593999999997,0,0,0.000007683593999999997,0,0,0.000007683593999999997,0,0,0.000007683593999999997
1724995260,0.0000076547,0.0000076602,0.0000076396,0.0000076418,0,1,0.000007682633999999998,0,1,0.000007682633999999998,0,1,0.000007682633999999998,0,1,0.000007682633999999998
1724995320,0.0000076418,0.0000076493,0.0000076376,0.0000076391,0,0,0.000007681499999999998,0,0,0.000007681499999999998,0,0,0.000007681499999999998,0,0,0.000007681499999999998
1724995380,0.0000076391,0.0000076417,0.0000076318,0.0000076342,0,0,0.000007680001999999996,0,0,0.000007680001999999996,0,0,0.000007680001999999996,0,0,0.000007680001999999996
1724995440,0.0000076342,0.0000076411,0.000007633,0.0000076359,0,0,0.000007678265999999998,0,0,0.000007678265999999998,0,0,0.000007678265999999998,0,0,0.000007678265999999998
1724995500,0.0000076359,0.0000076564,0.0000076319,0.0000076545,0,0,0.000007677109999999997,0,0,0.000007677109999999997,0,0,0.000007677109999999997,0,0,0.000007677109999999997
1724995560,0.0000076545,0.0000076545,0.000007636,0.0000076399,0,0,0.000007675569999999996,0,0,0.000007675569999999996,0,0,0.000007675569999999996,0,0,0.000007675569999999996
1724995620,0.0000076399,0.0000076399,0.0000076305,0.0000076305,0,0,0.000007674025999999997,0,0,0.000007674025999999997,0,0,0.000007674025999999997,0,0,0.000007674025999999997
1724995680,0.0000076305,0.0000076373,0.0000076302,0.0000076318,0,0,0.000007672361999999997,0,0,0.000007672361999999997,0,0,0.000007672361999999997,0,0,0.000007672361999999997
1724995740,0.0000076318,0.0000076342,0.0000076299,0.000007631,0,0,0.000007670735999999996,0,0,0.000007670735999999996,0,0,0.000007670735999999996,0,0,0.000007670735999999996
1724995800,0.000007631,0.0000076329,0.0000076279,0.0000076329,0,0,0.000007669125999999997,0,0,0.000007669125999999997,0,0,0.000007669125999999997,0,0,0.000007669125999999997
1724995860,0.0000076329,0.0000076461,0.000007631,0.0000076444,0,0,0.000007667943999999997,0,0,0.000007667943999999997,0,0,0.000007667943999999997,0,0,0.000007667943999999997
1724995920,0.0000076444,0.0000076613,0.0000076444,0.0000076477,0,0,0.000007666883999999997,0,0,0.000007666883999999997,0,0,0.000007666883999999997,0,0,0.000007666883999999997
1724995980,0.0000076477,0.0000076556,0.0000076477,0.0000076519,0,0,0.000007665911999999997,0,0,0.000007665911999999997,0,0,0.000007665911999999997,0,0,0.000007665911999999997
1724996040,0.0000076519,0.0000076557,0.0000076494,0.0000076557,0,0,0.000007664893999999999,0,0,0.000007664893999999999,0,0,0.000007664893999999999,0,0,0.000007664893999999999
1724996100,0.0000076557,0.0000076672,0.0000076535,0.0000076671,0,0,0.000007664339999999998,0,0,0.000007664339999999998,0,0,0.000007664339999999998,0,0,0.000007664339999999998
1724996160,0.0000076671,0.0000076755,0.0000076622,0.0000076722,0,0,0.000007663951999999998,0,0,0.000007663951999999998,0,0,0.000007663951999999998,0,0,0.000007663951999999998
1724996220,0.0000076722,0.0000076765,0.0000076658,0.0000076664,0,0,0.000007663443999999997,0,1,0.000007663443999999997,0,1,0.000007663443999999997,0,1,0.000007663443999999997
1724996280,0.0000076664,0.0000076824,0.0000076664,0.00000768,0,0,0.000007663193999999998,0,0,0.000007663193999999998,0,0,0.000007663193999999998,0,0,0.000007663193999999998
1724996340,0.00000768,0.00000768,0.000007672,0.0000076733,0,0,0.000007662653999999998,0,0,0.000007662653999999998,0,0,0.000007662653999999998,0,0,0.000007662653999999998
1724996400,0.0000076733,0.000007683,0.0000076709,0.000007678,0,0,0.000007662127999999997,0,0,0.000007662127999999997,0,0,0.000007662127999999997,0,0,0.000007662127999999997
1724996460,0.000007678,0.0000076795,0.0000076713,0.0000076795,0,0,0.000007661635999999998,0,0,0.000007661635999999998,0,0,0.000007661635999999998,0,0,0.000007661635999999998
1724996520,0.0000076795,0.0000076795,0.0000076638,0.0000076663,0,0,0.000007660931999999997,0,0,0.000007660931999999997,0,0,0.000007660931999999997,0,0,0.000007660931999999997
1724996580,0.0000076663,0.0000076663,0.000007656,0.0000076634,0,0,0.000007660159999999997,0,0,0.000007660159999999997,0,0,0.000007660159999999997,0,0,0.000007660159999999997
1724996640,0.0000076634,0.0000076769,0.0000076634,0.0000076673,0,0,0.000007659483999999998,0,0,0.000007659483999999998,0,0,0.000007659483999999998,0,0,0.000007659483999999998
1724996700,0.0000076673,0.0000076673,0.0000076586,0.0000076586,0,0,0.000007658589999999997,0,0,0.000007658589999999997,0,0,0.000007658589999999997,0,0,0.000007658589999999997
1724996760,0.0000076586,0.0000076617,0.0000076542,0.0000076545,0,0,0.000007657689999999999,0,0,0.000007657689999999999,0,0,0.000007657689999999999,0,0,0.000007657689999999999
1724996820,0.0000076545,0.0000076753,0.0000076545,0.0000076743,0,0,0.000007657289999999998,0,0,0.000007657289999999998,0,0,0.000007657289999999998,0,0,0.000007657289999999998
1724996880,0.0000076743,0.0000076833,0.0000076743,0.0000076833,0,0,0.000007657091999999998,0,0,0.000007657091999999998,0,0,0.000007657091999999998,0,0,0.000007657091999999998
1724996940,0.0000076833,0.0000076833,0.0000076754,0.0000076778,0,0,0.000007656867999999999,0,0,0.000007656867999999999,0,0,0.000007656867999999999,0,0,0.000007656867999999999
1724997000,0.0000076778,0.0000076887,0.0000076778,0.0000076874,0,0,0.000007656987999999999,0,0,0.000007656987999999999,0,0,0.000007656987999999999,0,0,0.000007656987999999999
1724997060,0.0000076874,0.0000076874,0.0000076816,0.0000076858,0,0,0.000007657031999999997,0,0,0.000007657031999999997,0,0,0.000007657031999999997,0,0,0.000007657031999999997
1724997120,0.0000076858,0.0000076927,0.0000076858,0.000007689,0,0,0.000007657143999999997,0,0,0.000007657143999999997,0,0,0.000007657143999999997,0,0,0.000007657143999999997
1724997180,0.000007689,0.0000076897,0.0000076815,0.0000076845,0,0,0.000007657211999999998,0,0,0.000007657211999999998,0,0,0.000007657211999999998,0,0,0.000007657211999999998
1724997240,0.0000076845,0.0000076896,0.0000076826,0.0000076826,0,0,0.000007657211999999998,0,0,0.000007657211999999998,0,0,0.000007657211999999998,0,0,0.000007657211999999998
1724997300,0.0000076826,0.0000076826,0.0000076578,0.0000076588,0,0,0.000007656975999999997,0,0,0.000007656975999999997,0,0,0.000007656975999999997,0,0,0.000007656975999999997
1724997360,0.0000076588,0.0000076735,0.0000076588,0.0000076688,0,0,0.000007656907999999996,0,0,0.000007656907999999996,0,0,0.000007656907999999996,0,0,0.000007656907999999996
1724997420,0.0000076688,0.0000076784,0.0000076666,0.0000076784,0,0,0.000007657065999999999,0,0,0.000007657065999999999,0,0,0.000007657065999999999,0,0,0.000007657065999999999
1724997480,0.0000076784,0.0000076784,0.0000076416,0.0000076501,0,0,0.000007656667999999998,0,0,0.000007656667999999998,0,0,0.000007656667999999998,0,0,0.000007656667999999998
1724997540,0.0000076501,0.0000076501,0.0000076441,0.0000076485,0,0,0.000007656477999999997,0,0,0.000007656477999999997,0,0,0.000007656477999999997,0,0,0.000007656477999999997
1724997600,0.0000076485,0.0000076513,0.0000076339,0.0000076432,0,0,0.000007656153999999997,0,0,0.000007656153999999997,0,0,0.000007656153999999997,0,0,0.000007656153999999997
1724997660,0.0000076432,0.0000076432,0.0000076362,0.0000076422,0,0,0.000007655939999999998,0,0,0.000007655939999999998,0,0,0.000007655939999999998,0,0,0.000007655939999999998
1724997720,0.0000076422,0.0000076436,0.0000076363,0.000007639,0,0,0.000007655741999999997,0,0,0.000007655741999999997,0,0,0.000007655741999999997,0,0,0.000007655741999999997
1724997780,0.000007639,0.000007639,0.0000076212,0.0000076222,0,0,0.000007655411999999996,0,0,0.000007655411999999996,0,0,0.000007655411999999996,0,0,0.000007655411999999996
1724997840,0.0000076222,0.0000076382,0.0000076208,0.0000076305,1,0,0.000007655191999999996,1,0,0.000007655191999999996,1,0,0.000007655191999999996,1,0,0.000007655191999999996
1724997900,0.0000076305,0.0000076476,0.0000076274,0.0000076465,0,0,0.000007655381999999995,0,0,0.000007655381999999995,0,0,0.000007655381999999995,0,0,0.000007655381999999995
1724997960,0.0000076465,0.0000076652,0.0000076444,0.0000076652,0,0,0.000007656431999999998,0,0,0.000007656431999999998,0,0,0.000007656431999999998,0,0,0.000007656431999999998
1724998020,0.0000076652,0.0000076758,0.0000076583,0.0000076758,0,0,0.000007657323999999998,0,0,0.000007657323999999998,0,0,0.000007657323999999998,0,0,0.000007657323999999998
1724998080,0.0000076758,0.0000076818,0.000007675,0.0000076767,0,0,0.000007658009999999998,0,0,0.000007658009999999998,0,0,0.000007658009999999998,0,0,0.000007658009999999998
1724998140,0.0000076767,0.0000076969,0.0000076704,0.0000076709,0,0,0.000007658681999999997,0,0,0.000007658681999999997,0,0,0.000007658681999999997,0,0,0.000007658681999999997
1724998200,0.0000076709,0.0000076861,0.0000076709,0.0000076829,0,0,0.000007659245999999997,0,0,0.000007659245999999997,0,0,0.000007659245999999997,0,0,0.000007659245999999997
1724998260,0.0000076829,0.0000076829,0.000007677,0.0000076786,0,0,0.000007659981999999997,0,0,0.000007659981999999997,0,0,0.000007659981999999997,0,0,0.000007659981999999997
1724998320,0.0000076786,0.0000076852,0.0000076777,0.0000076777,0,0,0.000007660753999999997,0,0,0.000007660753999999997,0,0,0.000007660753999999997,0,0,0.000007660753999999997
1724998380,0.0000076777,0.0000076869,0.0000076765,0.0000076869,0,0,0.000007661807999999997,0,0,0.000007661807999999997,0,0,0.000007661807999999997,0,0,0.000007661807999999997
1724998440,0.0000076869,0.0000076879,0.0000076783,0.0000076783,0,0,0.000007662655999999998,0,0,0.000007662655999999998,0,0,0.000007662655999999998,0,0,0.000007662655999999998
1724998500,0.0000076783,0.0000076809,0.0000076696,0.0000076721,0,0,0.000007663007999999998,0,0,0.000007663007999999998,0,0,0.000007663007999999998,0,0,0.000007663007999999998
1724998560,0.0000076721,0.0000076762,0.0000076669,0.0000076761,0,0,0.000007663731999999997,0,0,0.000007663731999999997,0,0,0.000007663731999999997,0,0,0.000007663731999999997
1724998620,0.0000076761,0.0000076761,0.0000076685,0.0000076699,0,0,0.000007664519999999997,0,0,0.000007664519999999997,0,0,0.000007664519999999997,0,0,0.000007664519999999997
1724998680,0.0000076699,0.0000076699,0.000007659,0.0000076641,0,0,0.000007665165999999996,0,0,0.000007665165999999996,0,0,0.000007665165999999996,0,0,0.000007665165999999996
1724998740,0.0000076641,0.0000076641,0.0000076563,0.0000076566,0,0,0.000007665677999999997,0,0,0.000007665677999999997,0,0,0.000007665677999999997,0,0,0.000007665677999999997
1724998800,0.0000076566,0.0000076724,0.0000076566,0.0000076683,0,0,0.000007666385999999997,0,0,0.000007666385999999997,0,0,0.000007666385999999997,0,0,0.000007666385999999997
1724998860,0.0000076683,0.0000076683,0.0000076586,0.0000076599,0,0,0.000007666695999999996,0,0,0.000007666695999999996,0,0,0.000007666695999999996,0,0,0.000007666695999999996
1724998920,0.0000076599,0.0000076711,0.0000076599,0.0000076644,0,0,0.000007667029999999997,0,0,0.000007667029999999997,0,0,0.000007667029999999997,0,0,0.000007667029999999997
1724998980,0.0000076644,0.0000076646,0.000007658,0.0000076606,0,0,0.000007667203999999996,0,0,0.000007667203999999996,0,0,0.000007667203999999996,0,0,0.000007667203999999996
1724999040,0.0000076606,0.0000076642,0.0000076595,0.0000076602,0,0,0.000007667293999999997,0,0,0.000007667293999999997,0,0,0.000007667293999999997,0,0,0.000007667293999999997
1724999100,0.0000076602,0.0000076775,0.0000076602,0.0000076775,0,0,0.000007667501999999998,0,0,0.000007667501999999998,0,0,0.000007667501999999998,0,0,0.000007667501999999998
1724999160,0.0000076775,0.0000076775,0.000007669,0.0000076714,0,0,0.000007667485999999997,0,0,0.000007667485999999997,0,0,0.000007667485999999997,0,0,0.000007667485999999997
1724999220,0.0000076714,0.0000076732,0.0000076656,0.0000076656,0,0,0.000007667469999999997,0,0,0.000007667469999999997,0,0,0.000007667469999999997,0,0,0.000007667469999999997
1724999280,0.0000076656,0.0000076741,0.0000076656,0.0000076661,0,0,0.000007667191999999998,0,0,0.000007667191999999998,0,0,0.000007667191999999998,0,0,0.000007667191999999998
1724999340,0.0000076661,0.0000076698,0.0000076618,0.0000076698,0,0,0.000007667121999999998,0,0,0.000007667121999999998,0,0,0.000007667121999999998,0,0,0.000007667121999999998
1724999400,0.0000076698,0.000007671,0.0000076556,0.0000076599,0,0,0.000007666759999999996,0,0,0.000007666759999999996,0,0,0.000007666759999999996,0,0,0.000007666759999999996
1724999460,0.0000076599,0.0000076793,0.000007659,0.0000076774,0,0,0.000007666717999999996,0,0,0.000007666717999999996,0,0,0.000007666717999999996,0,0,0.000007666717999999996
1724999520,0.0000076774,0.0000076946,0.0000076774,0.0000076909,0,0,0.000007667209999999996,0,0,0.000007667209999999996,0,0,0.000007667209999999996,0,0,0.000007667209999999996
1724999580,0.0000076909,0.0000076929,0.0000076833,0.0000076842,0,0,0.000007667625999999997,0,0,0.000007667625999999997,0,0,0.000007667625999999997,0,0,0.000007667625999999997
1724999640,0.0000076842,0.0000076911,0.0000076842,0.0000076885,0,0,0.000007668049999999997,0,0,0.000007668049999999997,0,0,0.000007668049999999997,0,0,0.000007668049999999997
1724999700,0.0000076885,0.0000076888,0.0000076832,0.0000076872,0,0,0.000007668621999999997,0,0,0.000007668621999999997,0,0,0.000007668621999999997,0,0,0.000007668621999999997
1724999760,0.0000076872,0.0000076891,0.000007683,0.000007683,0,0,0.000007669191999999996,0,0,0.000007669191999999996,0,0,0.000007669191999999996,0,0,0.000007669191999999996
1724999820,0.000007683,0.0000076929,0.0000076827,0.000007692,0,0,0.000007669545999999996,0,0,0.000007669545999999996,0,0,0.000007669545999999996,0,0,0.000007669545999999996
1724999880,0.000007692,0.000007692,0.0000076804,0.0000076835,0,0,0.000007669549999999997,0,0,0.000007669549999999997,0,0,0.000007669549999999997,0,0,0.000007669549999999997
1724999940,0.0000076835,0.000007694,0.0000076824,0.000007694,0,0,0.000007669873999999996,0,0,0.000007669873999999996,0,0,0.000007669873999999996,0,0,0.000007669873999999996
1725000000,0.000007694,0.0000076967,0.0000076899,0.0000076899,0,0,0.000007669923999999996,0,0,0.000007669923999999996,0,0,0.000007669923999999996,0,0,0.000007669923999999996
1725000060,0.0000076899,0.0000076942,0.0000076893,0.0000076942,0,0,0.000007670091999999996,0,0,0.000007670091999999996,0,0,0.000007670091999999996,0,0,0.000007670091999999996
1725000120,0.0000076942,0.0000077147,0.0000076942,0.0000077082,0,0,0.000007670475999999995,0,0,0.000007670475999999995,0,0,0.000007670475999999995,0,0,0.000007670475999999995
1725000180,0.0000077082,0.0000077347,0.0000077082,0.0000077296,0,0,0.000007671377999999996,0,0,0.000007671377999999996,0,0,0.000007671377999999996,0,0,0.000007671377999999996
1725000240,0.0000077296,0.0000077296,0.0000077179,0.0000077183,0,0,0.000007672091999999995,0,0,0.000007672091999999995,0,0,0.000007672091999999995,0,0,0.000007672091999999995
1725000300,0.0000077183,0.0000077306,0.0000077088,0.0000077088,0,0,0.000007673091999999996,0,0,0.000007673091999999996,0,0,0.000007673091999999996,0,0,0.000007673091999999996
1725000360,0.0000077088,0.0000077117,0.000007703,0.0000077037,0,0,0.000007673789999999995,0,0,0.000007673789999999995,0,0,0.000007673789999999995,0,0,0.000007673789999999995
1725000420,0.0000077037,0.0000077106,0.0000076992,0.0000077051,0,0,0.000007674323999999994,0,0,0.000007674323999999994,0,0,0.000007674323999999994,0,0,0.000007674323999999994
1725000480,0.0000077051,0.0000077112,0.0000076981,0.0000077112,0,0,0.000007675545999999994,0,0,0.000007675545999999994,0,0,0.000007675545999999994,0,0,0.000007675545999999994
1725000540,0.0000077112,0.0000077112,0.0000077041,0.0000077041,0,0,0.000007676657999999994,0,0,0.000007676657999999994,0,0,0.000007676657999999994,0,0,0.000007676657999999994
1725000600,0.0000077041,0.0000077097,0.0000077037,0.0000077037,0,0,0.000007677867999999994,0,0,0.000007677867999999994,0,0,0.000007677867999999994,0,0,0.000007677867999999994
1725000660,0.0000077037,0.0000077056,0.0000077014,0.0000077056,0,0,0.000007679135999999992,0,0,0.000007679135999999992,0,0,0.000007679135999999992,0,0,0.000007679135999999992
1725000720,0.0000077056,0.0000077267,0.0000077056,0.0000077229,0,0,0.000007680813999999993,0,0,0.000007680813999999993,0,0,0.000007680813999999993,0,0,0.000007680813999999993
1725000780,0.0000077229,0.0000077287,0.0000077207,0.0000077207,0,0,0.000007682783999999991,0,0,0.000007682783999999991,0,0,0.000007682783999999991,0,0,0.000007682783999999991
1725000840,0.0000077207,0.0000077235,0.0000077182,0.0000077213,0,0,0.000007684599999999992,0,0,0.000007684599999999992,0,0,0.000007684599999999992,0,0,0.000007684599999999992
1725000900,0.0000077213,0.0000077395,0.0000077173,0.0000077391,0,0,0.000007686451999999992,0,0,0.000007686451999999992,0,0,0.000007686451999999992,0,0,0.000007686451999999992
1725000960,0.0000077391,0.0000077492,0.0000077355,0.0000077421,0,0,0.00000768798999999999,0,0,0.00000768798999999999,0,0,0.00000768798999999999,0,0,0.00000768798999999999
1725001020,0.0000077421,0.0000077584,0.0000077421,0.0000077498,0,0,0.000007689469999999991,0,0,0.000007689469999999991,0,0,0.000007689469999999991,0,0,0.000007689469999999991
1725001080,0.0000077498,0.0000077576,0.0000077406,0.0000077547,0,0,0.000007691029999999992,0,0,0.000007691029999999992,0,0,0.000007691029999999992,0,0,0.000007691029999999992
1725001140,0.0000077547,0.0000077547,0.0000077393,0.0000077401,0,0,0.000007692413999999993,0,0,0.000007692413999999993,0,0,0.000007692413999999993,0,0,0.000007692413999999993
1725001200,0.0000077401,0.000007752,0.0000077394,0.0000077489,0,0,0.000007693733999999992,0,0,0.000007693733999999992,0,0,0.000007693733999999992,0,0,0.000007693733999999992
1725001260,0.0000077489,0.0000077489,0.0000077165,0.0000077276,0,0,0.000007694713999999991,0,0,0.000007694713999999991,0,0,0.000007694713999999991,0,0,0.000007694713999999991
1725001320,0.0000077276,0.0000077323,0.0000077217,0.0000077253,0,0,0.000007695665999999992,0,0,0.000007695665999999992,0,0,0.000007695665999999992,0,0,0.000007695665999999992
1725001380,0.0000077253,0.0000077253,0.0000077156,0.0000077156,0,0,0.000007696239999999992,0,0,0.000007696239999999992,0,0,0.000007696239999999992,0,0,0.000007696239999999992
1725001440,0.0000077156,0.0000077208,0.0000077133,0.0000077136,0,0,0.000007696945999999991,0,0,0.000007696945999999991,0,0,0.000007696945999999991,0,0,0.000007696945999999991
1725001500,0.0000077136,0.0000077304,0.0000077133,0.0000077304,0,0,0.000007698111999999991,0,0,0.000007698111999999991,0,0,0.000007698111999999991,0,0,0.000007698111999999991
1725001560,0.0000077304,0.0000077304,0.000007713,0.0000077166,0,0,0.000007698921999999992,0,0,0.000007698921999999992,0,0,0.000007698921999999992,0,0,0.000007698921999999992
1725001620,0.0000077166,0.0000077172,0.0000077112,0.0000077172,0,0,0.000007699867999999991,0,0,0.000007699867999999991,0,0,0.000007699867999999991,0,0,0.000007699867999999991
1725001680,0.0000077172,0.0000077211,0.0000077106,0.000007715,0,0,0.000007700885999999991,0,0,0.000007700885999999991,0,0,0.000007700885999999991,0,0,0.000007700885999999991
1725001740,0.000007715,0.0000077258,0.0000077149,0.0000077258,0,0,0.000007702269999999992,0,0,0.000007702269999999992,0,0,0.000007702269999999992,0,0,0.000007702269999999992
1725001800,0.0000077258,0.0000077305,0.0000077253,0.000007729,0,0,0.000007703483999999991,0,0,0.000007703483999999991,0,0,0.000007703483999999991,0,0,0.000007703483999999991
1725001860,0.000007729,0.0000077389,0.0000077284,0.0000077367,0,0,0.000007705019999999991,0,0,0.000007705019999999991,0,0,0.000007705019999999991,0,0,0.000007705019999999991
1725001920,0.0000077367,0.0000077439,0.0000077354,0.0000077376,0,0,0.000007706483999999993,0,0,0.000007706483999999993,0,0,0.000007706483999999993,0,0,0.000007706483999999993
1725001980,0.0000077376,0.0000077422,0.0000077361,0.0000077396,0,0,0.000007708063999999993,0,0,0.000007708063999999993,0,0,0.000007708063999999993,0,0,0.000007708063999999993
1725002040,0.0000077396,0.0000077469,0.0000077396,0.0000077468,0,0,0.000007709795999999993,0,0,0.000007709795999999993,0,0,0.000007709795999999993,0,0,0.000007709795999999993
1725002100,0.0000077468,0.0000077472,0.0000077355,0.0000077385,0,0,0.000007711015999999993,0,1,0.000007711015999999993,0,1,0.000007711015999999993,0,1,0.000007711015999999993
1725002160,0.0000077385,0.0000077433,0.0000077327,0.0000077351,0,0,0.000007712289999999993,0,0,0.000007712289999999993,0,0,0.000007712289999999993,0,0,0.000007712289999999993
1725002220,0.0000077351,0.000007786,0.0000077351,0.000007786,0,0,0.000007714697999999992,0,0,0.000007714697999999992,0,0,0.000007714697999999992,0,0,0.000007714697999999992
1725002280,0.000007786,0.000007786,0.0000077738,0.0000077748,0,0,0.000007716871999999992,0,0,0.000007716871999999992,0,0,0.000007716871999999992,0,0,0.000007716871999999992
1725002340,0.0000077748,0.0000077799,0.0000077671,0.0000077736,0,0,0.000007718947999999993,0,0,0.000007718947999999993,0,0,0.000007718947999999993,0,0,0.000007718947999999993
1725002400,0.0000077736,0.00000781,0.0000077736,0.0000077903,0,0,0.000007721555999999992,0,0,0.000007721555999999992,0,0,0.000007721555999999992,0,0,0.000007721555999999992
1725002460,0.0000077903,0.0000077904,0.0000077733,0.0000077806,0,0,0.000007723619999999991,0,0,0.000007723619999999991,0,0,0.000007723619999999991,0,0,0.000007723619999999991
1725002520,0.0000077806,0.0000077824,0.0000077712,0.0000077735,0,0,0.000007725271999999992,0,0,0.000007725271999999992,0,0,0.000007725271999999992,0,0,0.000007725271999999992
1725002580,0.0000077735,0.000007775,0.000007767,0.0000077746,0,0,0.000007727079999999991,0,0,0.000007727079999999991,0,0,0.000007727079999999991,0,0,0.000007727079999999991
1725002640,0.0000077746,0.0000077794,0.0000077739,0.0000077739,0,0,0.000007728787999999992,0,0,0.000007728787999999992,0,0,0.000007728787999999992,0,0,0.000007728787999999992
1725002700,0.0000077739,0.0000078012,0.0000077699,0.0000077998,0,0,0.000007731039999999992,0,0,0.000007731039999999992,0,0,0.000007731039999999992,0,0,0.000007731039999999992
1725002760,0.0000077998,0.000007805,0.0000077907,0.0000078013,0,0,0.000007733405999999992,0,0,0.000007733405999999992,0,0,0.000007733405999999992,0,0,0.000007733405999999992
1725002820,0.0000078013,0.0000078107,0.0000078013,0.0000078062,0,0,0.000007735689999999992,0,0,0.000007735689999999992,0,0,0.000007735689999999992,0,0,0.000007735689999999992
1725002880,0.0000078062,0.0000078094,0.0000078003,0.0000078094,0,0,0.000007738207999999992,0,0,0.000007738207999999992,0,0,0.000007738207999999992,0,0,0.000007738207999999992
1725002940,0.0000078094,0.0000078094,0.0000077977,0.0000078039,0,0,0.000007740405999999993,0,0,0.000007740405999999993,0,0,0.000007740405999999993,0,0,0.000007740405999999993
1725003000,0.0000078039,0.0000078079,0.0000077977,0.0000078079,0,0,0.000007742765999999993,0,0,0.000007742765999999993,0,0,0.000007742765999999993,0,0,0.000007742765999999993
1725003060,0.0000078079,0.0000078096,0.0000077896,0.0000077966,0,0,0.000007744813999999992,0,0,0.000007744813999999992,0,0,0.000007744813999999992,0,0,0.000007744813999999992
1725003120,0.0000077966,0.0000078096,0.0000077966,0.0000078033,0,0,0.000007746715999999992,0,0,0.000007746715999999992,0,0,0.000007746715999999992,0,0,0.000007746715999999992
1725003180,0.0000078033,0.0000078033,0.0000077828,0.0000077892,0,0,0.000007747907999999993,0,0,0.000007747907999999993,0,0,0.000007747907999999993,0,0,0.000007747907999999993
1725003240,0.0000077892,0.000007794,0.0000077861,0.0000077861,0,0,0.000007749263999999992,0,0,0.000007749263999999992,0,0,0.000007749263999999992,0,0,0.000007749263999999992
1725003300,0.0000077861,0.0000077913,0.0000077771,0.0000077775,0,0,0.000007750637999999992,0,0,0.000007750637999999992,0,0,0.000007750637999999992,0,0,0.000007750637999999992
1725003360,0.0000077775,0.0000077781,0.0000077686,0.0000077693,0,0,0.000007751949999999993,0,0,0.000007751949999999993,0,0,0.000007751949999999993,0,0,0.000007751949999999993
1725003420,0.0000077693,0.0000077723,0.0000077647,0.0000077704,0,0,0.000007753255999999992,0,0,0.000007753255999999992,0,0,0.000007753255999999992,0,0,0.000007753255999999992
1725003480,0.0000077704,0.0000077762,0.0000077684,0.0000077697,0,0,0.000007754425999999992,0,0,0.000007754425999999992,0,0,0.000007754425999999992,0,0,0.000007754425999999992
1725003540,0.0000077697,0.0000077742,0.0000077693,0.0000077717,0,0,0.000007755777999999993,0,0,0.000007755777999999993,0,0,0.000007755777999999993,0,0,0.000007755777999999993
1725003600,0.0000077717,0.000007772,0.0000077671,0.0000077671,0,0,0.000007757045999999993,0,0,0.000007757045999999993,0,0,0.000007757045999999993,0,0,0.000007757045999999993
1725003660,0.0000077671,0.0000077707,0.000007767,0.0000077673,0,0,0.000007758279999999992,0,0,0.000007758279999999992,0,0,0.000007758279999999992,0,0,0.000007758279999999992
1725003720,0.0000077673,0.0000077724,0.0000077622,0.000007766,0,0,0.000007759141999999993,0,0,0.000007759141999999993,0,0,0.000007759141999999993,0,0,0.000007759141999999993
1725003780,0.000007766,0.000007766,0.0000077506,0.0000077588,0,0,0.000007759903999999993,0,0,0.000007759903999999993,0,0,0.000007759903999999993,0,0,0.000007759903999999993
1725003840,0.0000077588,0.0000077669,0.0000077588,0.0000077631,0,0,0.000007760739999999993,0,0,0.000007760739999999993,0,0,0.000007760739999999993,0,0,0.000007760739999999993
1725003900,0.0000077631,0.0000077721,0.0000077625,0.0000077625,0,0,0.000007761207999999991,0,0,0.000007761207999999991,0,0,0.000007761207999999991,0,0,0.000007761207999999991
1725003960,0.0000077625,0.0000077726,0.0000077625,0.0000077701,0,0,0.000007761767999999991,0,0,0.000007761767999999991,0,0,0.000007761767999999991,0,0,0.000007761767999999991
1725004020,0.0000077701,0.000007777,0.0000077579,0.0000077579,0,1,0.000007761929999999991,0,1,0.000007761929999999991,0,1,0.000007761929999999991,0,1,0.000007761929999999991
1725004080,0.0000077579,0.0000077644,0.0000077513,0.0000077549,0,0,0.000007761933999999992,0,0,0.000007761933999999992,0,0,0.000007761933999999992,0,0,0.000007761933999999992
1725004140,0.0000077549,0.000007755,0.0000077513,0.0000077549,0,0,0.000007762229999999994,0,0,0.000007762229999999994,0,0,0.000007762229999999994,0,0,0.000007762229999999994
1725004200,0.0000077549,0.0000077549,0.0000077311,0.0000077367,0,0,0.000007761985999999993,0,0,0.000007761985999999993,0,0,0.000007761985999999993,0,0,0.000007761985999999993
1725004260,0.0000077367,0.0000077367,0.0000077095,0.0000077289,0,0,0.000007762011999999992,0,0,0.000007762011999999992,0,0,0.000007762011999999992,0,0,0.000007762011999999992
1725004320,0.0000077289,0.0000077369,0.0000077267,0.0000077314,0,0,0.000007762133999999993,0,0,0.000007762133999999993,0,0,0.000007762133999999993,0,0,0.000007762133999999993
1725004380,0.0000077314,0.0000077324,0.0000077136,0.0000077197,0,0,0.000007762215999999992,0,0,0.000007762215999999992,0,0,0.000007762215999999992,0,0,0.000007762215999999992
1725004440,0.0000077197,0.0000077245,0.0000077156,0.0000077175,0,0,0.000007762293999999994,0,0,0.000007762293999999994,0,0,0.000007762293999999994,0,0,0.000007762293999999994
1725004500,0.0000077175,0.0000077258,0.0000077154,0.0000077155,0,0,0.000007761995999999992,0,0,0.000007761995999999992,0,0,0.000007761995999999992,0,0,0.000007761995999999992
1725004560,0.0000077155,0.000007728,0.0000077139,0.000007728,0,0,0.000007762223999999992,0,0,0.000007762223999999992,0,0,0.000007762223999999992,0,0,0.000007762223999999992
1725004620,0.000007728,0.0000077339,0.0000077258,0.0000077316,0,0,0.000007762511999999992,0,0,0.000007762511999999992,0,0,0.000007762511999999992,0,0,0.000007762511999999992
1725004680,0.0000077316,0.0000077359,0.0000077316,0.0000077327,0,0,0.000007762865999999993,0,0,0.000007762865999999993,0,0,0.000007762865999999993,0,0,0.000007762865999999993
1725004740,0.0000077327,0.0000077327,0.0000077203,0.0000077224,0,0,0.000007762797999999992,0,0,0.000007762797999999992,0,0,0.000007762797999999992,0,0,0.000007762797999999992
1725004800,0.0000077224,0.00000773,0.0000077173,0.00000773,0,0,0.000007762817999999992,0,0,0.000007762817999999992,0,0,0.000007762817999999992,0,0,0.000007762817999999992
1725004860,0.00000773,0.0000077357,0.0000077287,0.0000077318,0,0,0.000007762719999999992,0,0,0.000007762719999999992,0,0,0.000007762719999999992,0,0,0.000007762719999999992
1725004920,0.0000077318,0.0000077418,0.0000077276,0.0000077357,0,0,0.000007762681999999993,0,0,0.000007762681999999993,0,0,0.000007762681999999993,0,0,0.000007762681999999993
1725004980,0.0000077357,0.0000077467,0.0000077327,0.0000077465,0,0,0.000007762819999999993,0,0,0.000007762819999999993,0,0,0.000007762819999999993,0,0,0.000007762819999999993
1725005040,0.0000077465,0.0000077514,0.0000077269,0.0000077269,0,0,0.000007762421999999992,0,1,0.000007762421999999992,0,1,0.000007762421999999992,0,1,0.000007762421999999992
1725005100,0.0000077269,0.0000077459,0.0000077269,0.0000077444,0,0,0.000007762539999999992,0,0,0.000007762539999999992,0,0,0.000007762539999999992,0,0,0.000007762539999999992
1725005160,0.0000077444,0.0000077545,0.000007743,0.0000077492,0,0,0.000007762821999999991,0,0,0.000007762821999999991,0,0,0.000007762821999999991,0,0,0.000007762821999999991
1725005220,0.0000077492,0.0000077508,0.0000077419,0.0000077469,0,0,0.000007762039999999992,0,0,0.000007762039999999992,0,0,0.000007762039999999992,0,0,0.000007762039999999992
1725005280,0.0000077469,0.0000077505,0.0000077421,0.0000077421,0,0,0.000007761385999999991,0,0,0.000007761385999999991,0,0,0.000007761385999999991,0,0,0.000007761385999999991
1725005340,0.0000077421,0.0000077468,0.0000077385,0.0000077468,0,0,0.000007760849999999992,0,0,0.000007760849999999992,0,0,0.000007760849999999992,0,0,0.000007760849999999992
1725005400,0.0000077468,0.0000077487,0.00000774,0.0000077483,0,0,0.000007760009999999992,0,0,0.000007760009999999992,0,0,0.000007760009999999992,0,0,0.000007760009999999992
1725005460,0.0000077483,0.000007752,0.0000077478,0.0000077519,0,0,0.000007759435999999992,0,0,0.000007759435999999992,0,0,0.000007759435999999992,0,0,0.000007759435999999992
1725005520,0.0000077519,0.0000077519,0.00000774,0.00000774,0,0,0.000007758765999999991,0,0,0.000007758765999999991,0,0,0.000007758765999999991,0,0,0.000007758765999999991
1725005580,0.00000774,0.0000077483,0.000007737,0.0000077483,0,0,0.000007758239999999992,0,0,0.000007758239999999992,0,0,0.000007758239999999992,0,0,0.000007758239999999992
1725005640,0.0000077483,0.0000077506,0.00000774,0.0000077506,0,0,0.000007757773999999993,0,0,0.000007757773999999993,0,0,0.000007757773999999993,0,0,0.000007757773999999993
1725005700,0.0000077506,0.0000077506,0.0000077433,0.0000077465,0,0,0.000007756707999999992,0,0,0.000007756707999999992,0,0,0.000007756707999999992,0,0,0.000007756707999999992
1725005760,0.0000077465,0.0000077565,0.0000077465,0.0000077533,0,0,0.000007755747999999994,0,0,0.000007755747999999994,0,0,0.000007755747999999994,0,0,0.000007755747999999994
1725005820,0.0000077533,0.0000077638,0.0000077494,0.0000077625,0,0,0.000007754873999999991,0,0,0.000007754873999999991,0,0,0.000007754873999999991,0,0,0.000007754873999999991
1725005880,0.0000077625,0.0000077673,0.0000077565,0.0000077603,0,0,0.000007753891999999992,0,0,0.000007753891999999992,0,0,0.000007753891999999992,0,0,0.000007753891999999992
1725005940,0.0000077603,0.0000077603,0.0000077469,0.0000077472,0,0,0.000007752757999999993,0,0,0.000007752757999999993,0,0,0.000007752757999999993,0,0,0.000007752757999999993
1725006000,0.0000077472,0.000007759,0.0000077469,0.0000077587,0,0,0.000007751773999999993,0,0,0.000007751773999999993,0,0,0.000007751773999999993,0,0,0.000007751773999999993
1725006060,0.0000077587,0.0000077627,0.0000077587,0.0000077616,0,0,0.000007751073999999993,0,0,0.000007751073999999993,0,0,0.000007751073999999993,0,0,0.000007751073999999993
1725006120,0.0000077616,0.0000077616,0.0000077552,0.0000077606,0,0,0.000007750219999999994,0,0,0.000007750219999999994,0,0,0.000007750219999999994,0,0,0.000007750219999999994
1725006180,0.0000077606,0.0000077753,0.0000077606,0.0000077728,0,0,0.000007749891999999993,0,0,0.000007749891999999993,0,0,0.000007749891999999993,0,0,0.000007749891999999993
1725006240,0.0000077728,0.0000077764,0.0000077655,0.0000077655,0,1,0.000007749479999999993,0,1,0.000007749479999999993,0,1,0.000007749479999999993,0,1,0.000007749479999999993
1725006300,0.0000077655,0.0000077716,0.0000077655,0.0000077716,0,0,0.000007749361999999993,0,0,0.000007749361999999993,0,0,0.000007749361999999993,0,0,0.000007749361999999993
1725006360,0.0000077716,0.000007773,0.0000077626,0.0000077626,0,0,0.000007749227999999992,0,0,0.000007749227999999992,0,0,0.000007749227999999992,0,0,0.000007749227999999992
1725006420,0.0000077626,0.0000077656,0.0000077584,0.0000077656,0,0,0.000007749131999999992,0,0,0.000007749131999999992,0,0,0.000007749131999999992,0,0,0.000007749131999999992
1725006480,0.0000077656,0.0000077716,0.0000077641,0.0000077665,0,0,0.000007749067999999992,0,0,0.000007749067999999992,0,0,0.000007749067999999992,0,0,0.000007749067999999992
1725006540,0.0000077665,0.0000077665,0.0000077555,0.0000077572,0,0,0.000007748777999999992,0,0,0.000007748777999999992,0,0,0.000007748777999999992,0,0,0.000007748777999999992
1725006600,0.0000077572,0.0000077681,0.0000077559,0.0000077681,0,0,0.000007748797999999994,0,0,0.000007748797999999994,0,0,0.000007748797999999994,0,0,0.000007748797999999994
1725006660,0.0000077681,0.000007783,0.0000077681,0.0000077787,0,0,0.000007749025999999993,0,0,0.000007749025999999993,0,0,0.000007749025999999993,0,0,0.000007749025999999993
1725006720,0.0000077787,0.0000077814,0.000007775,0.000007775,0,0,0.000007749281999999993,0,0,0.000007749281999999993,0,0,0.000007749281999999993,0,0,0.000007749281999999993
1725006780,0.000007775,0.0000077917,0.000007775,0.000007787,0,0,0.000007749787999999992,0,0,0.000007749787999999992,0,0,0.000007749787999999992,0,0,0.000007749787999999992
1725006840,0.000007787,0.0000077886,0.0000077695,0.0000077695,0,0,0.000007750247999999992,0,0,0.000007750247999999992,0,0,0.000007750247999999992,0,0,0.000007750247999999992
1725006900,0.0000077695,0.0000077777,0.0000077617,0.0000077647,0,0,0.000007750037999999992,0,0,0.000007750037999999992,0,0,0.000007750037999999992,0,0,0.000007750037999999992
1725006960,0.0000077647,0.0000077682,0.0000077583,0.0000077624,0,0,0.000007749833999999991,0,0,0.000007749833999999991,0,0,0.000007749833999999991,0,0,0.000007749833999999991
1725007020,0.0000077624,0.0000077624,0.0000077479,0.0000077505,0,0,0.00000774976199999999,0,0,0.00000774976199999999,0,0,0.00000774976199999999,0,0,0.00000774976199999999
1725007080,0.0000077505,0.0000077505,0.0000077401,0.000007744,0,0,0.00000774948599999999,0,0,0.00000774948599999999,0,0,0.00000774948599999999,0,0,0.00000774948599999999
1725007140,0.000007744,0.0000077512,0.0000077356,0.0000077512,0,0,0.000007749203999999991,1,0,0.00000774928599999999,1,0,0.00000774928599999999,1,0,0.00000774928599999999
1725007200,0.0000077512,0.0000077516,0.0000077423,0.0000077434,0,0,0.00000774963799999999,0,0,0.00000774963799999999,0,0,0.00000774963799999999,0,0,0.00000774963799999999
1725007260,0.0000077434,0.0000077434,0.0000077434,0.0000077434,0,0,0.000007749771999999992,0,0,0.000007749771999999992,0,0,0.000007749771999999992,0,0,0.000007749771999999992
